<?xml version="1.0" encoding="utf-8"?>
<resources>
    <!-- ======================================================= -->
    <!--                 TEKS GLOBAL APLIKASI                    -->
    <!-- ======================================================= -->
    <string name="app_name">Notesbil</string>

    <!-- ======================================================= -->
    <!--                HALAMAN: NegaraActivity                 -->
    <!-- ======================================================= -->
    <string name="masuk">MASUK</string>
    <string name="selamat_datang">Selamat Datang</string>

    <!-- ======================================================= -->
    <!--                 HALAMAN: LokasiActivity                 -->
    <!-- ======================================================= -->
    <string name="lanjut">LANJUT</string>
    <string name="lokasi_anda">Lokasi Anda</string>
    <string name="Ambil_Lokasi">Ambil Lokasi</string>
    <string name="gagal_mendapatkan_lokasi">Gagal mendapatkan lokasi. Pastikan GPS aktif.</string>
    <string name="izin_lokasi_ditolak">Izin lokasi ditolak. Fitur peta tidak akan berfungsi.</string>

    <!-- ======================================================= -->
    <!--                 HALAMAN: BahasaActivity                 -->
    <!-- ======================================================= -->
    <string name="pilih_bahasa_anda">Pilih Bahasa Anda</string>
    <string name="bahasa_indonesia">Bahasa Indonesia</string>
    <string name="english">English</string>
    <string name="japanese">日本語 (Japanese)</string>

    <!-- ======================================================= -->
    <!--                  HALAMAN: MainActivity                  -->
    <!-- ======================================================= -->
    <string name="folder">Folder</string>
    <string name="icloud">iCloud</string>
    <string name="semua_icloud">Semua iCloud</string>
    <string name="catatan">Catatan</string>

    <!-- Pesan Toast -->
    <string name="tombol_tambah_folder_diklik">Tombol Tambah Folder diklik</string>
    <string name="tombol_pencarian_diklik">Tombol Pencarian diklik</string>
    <string name="membuka_semua_icloud">Membuka Semua iCloud</string>
    <string name="membuka_catatan">Membuka Catatan...</string>
    <string name="navigasi_profil_diklik">Navigasi Profil diklik</string>
    <string name="anda_sudah_di_halaman_utama">Anda sudah di halaman utama</string>

    <!-- ======================================================= -->
    <!--                  HALAMAN: CatatActivity                 -->
    <!-- ======================================================= -->
    <string name="beranda">Beranda</string>
    <string name="judul">Judul</string>
    <string name="catat">Catat</string>
    <string name="isi_catatan">Isi Catatan</string>
    <string name="kembali">Kembali</string>
    <!-- ======================================================= -->
    <!--                  HALAMAN: ProfileActivity               -->
    <!-- ======================================================= -->
    <string name="profil">Profil</string>
    <string name="masukkan_nama">Masukkan nama Anda</string>
    <string name="simpan">Simpan</string>
    <string name="nama_disimpan">Nama berhasil disimpan</string>
</resources>